No.,チャンネル,動画番号,動画ID,台本番号,タイトル,進捗,作成フラグ,台本,品質チェック結果,文字数,更新日時,サムネタイトル上,サムネタイトル下,サムネ画像プロンプト（URL・テキスト指示込み）,企画意図,ターゲット層,具体的な内容（話の構成案）,DALL-Eプロンプト（URL・テキスト指示込み）,台本本文（冒頭サンプル）,音声整形,音声検証,音声生成,音声品質,納品,サムネタイトル,AI向け画像生成プロンプト (背景用),テキスト配置・デザイン指示 (人間/ツール向け),サムネ用DALL-Eプロンプト（URL・テキスト指示込み）,内容,動画内挿絵AI向けプロンプト（10個）,内容（企画要約）,台本パス,GPT用プロンプト（日本人シニア女性）,台本本文,GPT用プロンプト（日本人シニア女性）_1,悩みタグ_メイン,悩みタグ_サブ,ライフシーン,キーコンセプト,ベネフィット一言,たとえ話イメージ,説明文_リード,説明文_この動画でわかること
1,CH02,1,CH02-001,CH02-001,【絶望】努力は必ず報われる、という嘘に気づいた時,script_completed,1.0,/Users/dd/10_YouTube_Automation/factory_commentary/script_pipeline/data/CH02/001/content/assembled.md,✅完了,6779,2025-10-29 21:44:18,,,,,頭の中がいつも騒がしく、自己理解や人間関係に悩む30〜50代。哲学や心理学で心を整理し、静かな感情の置き場を探している人。,「努力すれば報われる」という社会通念に疑問を投げかける15分動画の台本を作成。導入では就活や受験で頑張ったのに結果が出なかった具体例から始め、ショーペンハウアーの「意志と表象」を引用して努力の本質について哲学的に分析。最終的には努力の真の意味を再定義する希望的メッセージで締める。,,,済 2025-11-05,完了 Δ0.3ms tol=50ms 2025-11-05,完了 2025-11-05,,完了 2025-10-27,努力は嘘だった,,,,,,,/Users/dd/10_YouTube_Automation/factory_commentary/script_pipeline/data/CH02/001/content/assembled.md,,,,思考疲れ,孤独,深夜のベッド,ストア派,頭の中を静かにできる,雑念を箱に入れる,考えすぎて眠れない夜に、心を整える哲学の視点を届けます。,"・怒りが湧いた瞬間の対処法
・感情を言語化する3ステップ"
2,CH02,2,CH02-002,CH02-002,静寂の哲学,script_completed,1.0,/Users/dd/10_YouTube_Automation/factory_commentary/script_pipeline/data/CH02/002/content/assembled.md,✅完了,5375,2025-10-29 21:44:18,,,,,頭の中がいつも騒がしく、自己理解や人間関係に悩む30〜50代。哲学や心理学で心を整理し、静かな感情の置き場を探している人。,恋愛における「愛されたい」という欲求のパラドックスについて論じる台本。冒頭で「なぜ好きになった瞬間に相手は離れていくのか」という問いから始め、ラカンの精神分析理論とショーペンハウアーの恋愛観を現代の恋愛事例に適用して解説。自立した愛の形を提示する。,,,済 2025-11-03,完了 Δ0.3ms tol=50ms 2025-11-03,完了 2025-11-03,,,愛されたい欲求が愛を殺す,,,,,,,/Users/dd/10_YouTube_Automation/factory_commentary/script_pipeline/data/CH02/002/content/assembled.md,,,,思考疲れ,孤独,深夜のベッド,ストア派,頭の中を静かにできる,雑念を箱に入れる,考えすぎて眠れない夜に、心を整える哲学の視点を届けます。,"・怒りが湧いた瞬間の対処法
・感情を言語化する3ステップ"
3,CH02,3,CH02-003,CH02-003,【孤独の設計】ひとり時間を“最高の兵器”にする,script_completed,1.0,/Users/dd/10_YouTube_Automation/factory_commentary/script_pipeline/data/CH02/003/content/assembled.md,✅完了,7812,2025-10-29 21:44:18,,,,,頭の中がいつも騒がしく、自己理解や人間関係に悩む30〜50代。哲学や心理学で心を整理し、静かな感情の置き場を探している人。,現代人の「忙しさ」を哲学的に分析する台本。ハイデガーの「存在と時間」とパスカルの「人間は考える葦である」を引用し、なぜ人は忙しさを好むのか、それが自己との対峙からの逃避であることを論証。真の充実とは何かを問う。,,,済 2025-11-03,完了 Δ0.3ms tol=50ms 2025-11-03,完了 2025-11-03,,,忙しさは逃避だった,,,,,,,/Users/dd/10_YouTube_Automation/factory_commentary/script_pipeline/data/CH02/003/content/assembled.md,,,,思考疲れ,孤独,深夜のベッド,ストア派,頭の中を静かにできる,雑念を箱に入れる,考えすぎて眠れない夜に、心を整える哲学の視点を届けます。,"・怒りが湧いた瞬間の対処法
・感情を言語化する3ステップ"
4,CH02,4,CH02-004,CH02-004,【人生哲学】「正解」に囚われすぎて「自分」を見失う現代人の悲哀,script_completed,1.0,/Users/dd/10_YouTube_Automation/factory_commentary/script_pipeline/data/CH02/004/content/assembled.md,✅完了,7822,2025-10-29 21:44:18,,,,,頭の中がいつも騒がしく、自己理解や人間関係に悩む30〜50代。哲学や心理学で心を整理し、静かな感情の置き場を探している人。,SNS上の幸せアピールの心理学を分析する台本。ボードリヤールの「シミュラークル」理論とフロムの「愛するということ」を用いて、承認欲求と真の幸福の違いを解説。デジタル時代の人間関係の本質に迫る15分構成。,,,済,,完了 2025-11-03,,,幸せアピールの裏の絶望,,,,,,,/Users/dd/10_YouTube_Automation/factory_commentary/script_pipeline/data/CH02/004/content/assembled.md,,,,思考疲れ,孤独,深夜のベッド,ストア派,頭の中を静かにできる,雑念を箱に入れる,考えすぎて眠れない夜に、心を整える哲学の視点を届けます。,"・怒りが湧いた瞬間の対処法
・感情を言語化する3ステップ"
5,CH02,5,CH02-005,CH02-005,【人間関係】「嫌われる勇気」ではなく「嫌われていい勇気」を持つべきである,script_completed,1.0,/Users/dd/10_YouTube_Automation/factory_commentary/script_pipeline/data/CH02/005/content/assembled.md,✅完了,8076,2025-10-29 21:44:18,,,,,頭の中がいつも騒がしく、自己理解や人間関係に悩む30〜50代。哲学や心理学で心を整理し、静かな感情の置き場を探している人。,現代の労働に対する虚無感をカミュの「不条理」とニーチェの「永劫回帰」で分析する台本。「なぜ働くのか」という根本的な問いから始め、労働の意味を哲学的に再構築。最終的には自分だけの価値を見つける道筋を示す。,,,済 2025-11-03,完了 Δ0.3ms tol=50ms 2025-11-03,完了 2025-11-03,,,仕事の意味を失った時,,,,,,,/Users/dd/10_YouTube_Automation/factory_commentary/script_pipeline/data/CH02/005/content/assembled.md,,,,思考疲れ,孤独,深夜のベッド,ストア派,頭の中を静かにできる,雑念を箱に入れる,考えすぎて眠れない夜に、心を整える哲学の視点を届けます。,"・怒りが湧いた瞬間の対処法
・感情を言語化する3ステップ"
6,CH02,6,CH02-006,CH02-006,【人間関係】なぜ「いい人」ほど孤独になるのか―善意という名の監獄,script_completed,1.0,/Users/dd/10_YouTube_Automation/factory_commentary/script_pipeline/data/CH02/006/content/assembled.md,✅完了,7701,2025-10-29 21:44:18,,,,,頭の中がいつも騒がしく、自己理解や人間関係に悩む30〜50代。哲学や心理学で心を整理し、静かな感情の置き場を探している人。,「いい人」であることの心理的コストをサルトルの「実存主義とは何か」とアドラー心理学で分析。他者の期待に応えることで失う自己同一性について論じ、真の優しさと偽りの善意の違いを明確化する構成。,,,済 2025-11-03,完了 Δ0.0ms tol=50ms 2025-11-03,完了 2025-11-03,,,善意が作る孤独の檻,,,,,,,/Users/dd/10_YouTube_Automation/factory_commentary/script_pipeline/data/CH02/006/content/assembled.md,,,,思考疲れ,孤独,深夜のベッド,ストア派,頭の中を静かにできる,雑念を箱に入れる,考えすぎて眠れない夜に、心を整える哲学の視点を届けます。,"・怒りが湧いた瞬間の対処法
・感情を言語化する3ステップ"
7,CH02,7,CH02-007,CH02-007,【死生観】死を恐れる人ほど生きていない―ハイデガーが見抜いた現代の病理,script_completed,,/Users/dd/10_YouTube_Automation/factory_commentary/script_pipeline/data/CH02/007/content/assembled.md,✅完了,8613,2025-10-29 21:44:18,,,,,頭の中がいつも騒がしく、自己理解や人間関係に悩む30〜50代。哲学や心理学で心を整理し、静かな感情の置き場を探している人。,ハイデガーの「存在と時間」における「死への存在」を現代人の生き方に適用した台本。死の不安が如何に人生を制約しているかを分析し、死を受容することで得られる自由について論じる深い内容の18分構成。,,,済 2025-11-03,完了 Δ0.0ms tol=50ms 2025-11-03,完了 2025-11-03,,,死の恐怖が人生を殺す,,,,,,,/Users/dd/10_YouTube_Automation/factory_commentary/script_pipeline/data/CH02/007/content/assembled.md,,,,思考疲れ,孤独,深夜のベッド,ストア派,頭の中を静かにできる,雑念を箱に入れる,考えすぎて眠れない夜に、心を整える哲学の視点を届けます。,"・怒りが湧いた瞬間の対処法
・感情を言語化する3ステップ"
8,CH02,8,CH02-008,CH02-008,【心理学】なぜ人は「自分だけは特別」だと思いたがるのか―選民思想の罠,script_completed,,/Users/dd/10_YouTube_Automation/factory_commentary/script_pipeline/data/CH02/008/content/assembled.md,✅完了,7809,2025-10-29 21:44:18,,,,,頭の中がいつも騒がしく、自己理解や人間関係に悩む30〜50代。哲学や心理学で心を整理し、静かな感情の置き場を探している人。,ナルシシズムと自己愛性について、フロイトの精神分析とユングの個性化理論を用いて分析。なぜ現代人は承認欲求に支配されるのか、真の個性とは何かを15分で論じる。SNS時代の自己愛病理に焦点。,,,済,,生成中 0/1,,,特別でありたい願望の罠,,,,,,,/Users/dd/10_YouTube_Automation/factory_commentary/script_pipeline/data/CH02/008/content/assembled.md,,,,思考疲れ,孤独,深夜のベッド,ストア派,頭の中を静かにできる,雑念を箱に入れる,考えすぎて眠れない夜に、心を整える哲学の視点を届けます。,"・怒りが湧いた瞬間の対処法
・感情を言語化する3ステップ"
9,CH02,9,CH02-009,CH02-009,【絶望哲学】希望を捨てた時に見える、本当の現実,script_completed,,/Users/dd/10_YouTube_Automation/factory_commentary/script_pipeline/data/CH02/009/content/assembled.md,✅完了,7821,2025-10-29 21:44:18,,,,,頭の中がいつも騒がしく、自己理解や人間関係に悩む30〜50代。哲学や心理学で心を整理し、静かな感情の置き場を探している人。,シオランの悲観主義とブッダの四諦を組み合わせ、希望という執着を手放すことの解放感について論じる台本。絶望の底にある真の平安について、現代的な事例を交えながら16分で構成。,,,済,,待機中,,,希望を捨てると見える真実,,,,,,,/Users/dd/10_YouTube_Automation/factory_commentary/script_pipeline/data/CH02/009/content/assembled.md,,,,思考疲れ,孤独,深夜のベッド,ストア派,頭の中を静かにできる,雑念を箱に入れる,考えすぎて眠れない夜に、心を整える哲学の視点を届けます。,"・怒りが湧いた瞬間の対処法
・感情を言語化する3ステップ"
10,CH02,10,CH02-010,CH02-010,【警告】「自分らしく生きる」という最大の嘘―真の自由とは何か,script_completed,,/Users/dd/10_YouTube_Automation/factory_commentary/script_pipeline/data/CH02/010/content/assembled.md,✅完了,7835,2025-10-29 21:44:18,,,,,頭の中がいつも騒がしく、自己理解や人間関係に悩む30〜50代。哲学や心理学で心を整理し、静かな感情の置き場を探している人。,「自分らしさ」という現代的価値観をフーコーの権力論とサルトルの自由論で批判的に分析。真の自由とは何か、社会によって作られた「個性」の概念について15分で深掘り。最後は本当の自立への道筋を示す。,,,済,,待機中,,,自分らしさという幻想,,,,,,,/Users/dd/10_YouTube_Automation/factory_commentary/script_pipeline/data/CH02/010/content/assembled.md,,,,思考疲れ,孤独,深夜のベッド,ストア派,頭の中を静かにできる,雑念を箱に入れる,考えすぎて眠れない夜に、心を整える哲学の視点を届けます。,"・怒りが湧いた瞬間の対処法
・感情を言語化する3ステップ"
11,CH02,11,CH02-011,CH02-011,【皇帝の哲学】なぜローマ帝国最高の賢者は、息子を“最悪の皇帝”に育ててしまったのか,script_completed,,/Users/dd/10_YouTube_Automation/factory_commentary/script_pipeline/data/CH02/011/content/assembled.md,✅完了,7817,2025-10-29 21:44:18,,,,,頭の中がいつも騒がしく、自己理解や人間関係に悩む30〜50代。哲学や心理学で心を整理し、静かな感情の置き場を探している人。,マルクス・アウレリウスの『自省録』に見るストイックな生き方と、息子コンモドゥスの暴君ぶりの対比を分析する台本。哲学的な理想と、子育てという現実の乖離を、歴史的事実を基に描き出す。普遍的な「親と子の断絶」というテーマに迫る。,,,済,,待機中,,,賢者の子育て、最大の失敗,,,,,,,/Users/dd/10_YouTube_Automation/factory_commentary/script_pipeline/data/CH02/011/content/assembled.md,,,,思考疲れ,孤独,深夜のベッド,ストア派,頭の中を静かにできる,雑念を箱に入れる,考えすぎて眠れない夜に、心を整える哲学の視点を届けます。,"・怒りが湧いた瞬間の対処法
・感情を言語化する3ステップ"
12,CH02,12,CH02-012,CH02-012,【警告】なぜ「努力の才能論」は逆説的にあなたの成長を妨げるのか,script_completed,,/Users/dd/10_YouTube_Automation/factory_commentary/script_pipeline/data/CH02/012/content/assembled.md,✅完了,7854,2025-10-29 21:44:18,,,,,頭の中がいつも騒がしく、自己理解や人間関係に悩む30〜50代。哲学や心理学で心を整理し、静かな感情の置き場を探している人。,セネカの「足るを知る」というストア派の教えと、現代の資本主義における消費文化を対比させる台本。「なぜ稼いでも稼いでも満たされないのか」という問いから始め、お金との健全な距離の取り方、真の豊かさについて論じる。,,,済,,待機中,,,富への渇望が、あなたを貧しくする,,,,,,,/Users/dd/10_YouTube_Automation/factory_commentary/script_pipeline/data/CH02/012/content/assembled.md,,,,思考疲れ,孤独,深夜のベッド,ストア派,頭の中を静かにできる,雑念を箱に入れる,考えすぎて眠れない夜に、心を整える哲学の視点を届けます。,"・怒りが湧いた瞬間の対処法
・感情を言語化する3ステップ"
13,CH02,13,CH02-013,CH02-013,【武士道】なぜ宮本武蔵は最強の剣豪でありながら、孤独に死んでいったのか,script_completed,,/Users/dd/10_YouTube_Automation/factory_commentary/script_pipeline/data/CH02/013/content/assembled.md,✅完了,7896,2025-10-29 21:44:18,,,,【東洋思想・文化】の視点を導入。西洋哲学だけでなく日本の武士道を取り上げることで、自己鍛錬や伝統文化に興味がある層に新たな魅力を提示する。,頭の中がいつも騒がしく、自己理解や人間関係に悩む30〜50代。哲学や心理学で心を整理し、静かな感情の置き場を探している人。,宮本武蔵の『五輪書』と、彼の生涯の逸話を分析する台本。「強さとは何か」をテーマに、剣の道を極めた先に待っていた精神的な境地と、人間関係の希薄さについて考察。強さと孤独の相関関係に迫る。,洞窟の中で、一本の刀を傍らに置き、瞑想する年老いた宮本武蔵の後ろ姿。洞窟の入り口から差し込む一筋の光が、彼の孤独と求道者としての峻厳さを照らし出す。水墨画のようなタッチで、写実的かつ精神的なスタイル。 ドラマチックな照明効果と深い陰影。油絵の厚みのある筆致と、水彩画の流動的なにじみを融合させた独特の質感。強烈なコントラストと鮮やかな色彩対比。象徴的でメタファリカルな構図。映画ポスターのようなシネマティックで劇的な雰囲気。ビビッドなカラーとダークトーンの大胆な対比。光と影のドラマティックな演出。芸術的で感情を揺さぶる表現。16:9のワイドスクリーン構図。プロフェッショナルな仕上がり。 テキストや文字は一切含めないでください。,,済,,待機中,,,最強の男が、最後に求めたもの,,,,,,,/Users/dd/10_YouTube_Automation/factory_commentary/script_pipeline/data/CH02/013/content/assembled.md,,,,思考疲れ,孤独,深夜のベッド,ストア派,頭の中を静かにできる,雑念を箱に入れる,考えすぎて眠れない夜に、心を整える哲学の視点を届けます。,"・怒りが湧いた瞬間の対処法
・感情を言語化する3ステップ"
14,CH02,14,CH02-014,CH02-014,【正義の暴走】なぜ現代人はSNSで他人を叩かずにはいられないのか,script_completed,,/Users/dd/10_YouTube_Automation/factory_commentary/script_pipeline/data/CH02/014/content/assembled.md,✅完了,7979,2025-10-29 21:44:18,,,,【社会・経済】の視点から、現代的な「キャンセルカルチャー」や「ネットリンチ」を分析。SNSでの論争に疲れを感じる20-40代の視聴者に、構造的な理解と距離感を提示する。,頭の中がいつも騒がしく、自己理解や人間関係に悩む30〜50代。哲学や心理学で心を整理し、静かな感情の置き場を探している人。,ルネ・ジラールの「模倣の欲望」と「スケープゴート理論」を用いて、現代のキャンセルカルチャーやネットリンチの構造を分析する台本。集団心理と「正義」の名の下に行われる排除のメカニズムを解き明かす。,スマートフォンを持つ無数の手が、画面の中の一人の人物に指を突きつけている構図。指先は鋭い矢のように描かれ、ネットリンチの暴力性を象徴している。サイバーパンク風のネオンと影で描かれた、現代的な寓話スタイル。 ドラマチックな照明効果と深い陰影。油絵の厚みのある筆致と、水彩画の流動的なにじみを融合させた独特の質感。強烈なコントラストと鮮やかな色彩対比。象徴的でメタファリカルな構図。映画ポスターのようなシネマティックで劇的な雰囲気。ビビッドなカラーとダークトーンの大胆な対比。光と影のドラマティックな演出。芸術的で感情を揺さぶる表現。16:9のワイドスクリーン構図。プロフェッショナルな仕上がり。 テキストや文字は一切含めないでください。,,済,OK 20251025T0,待機中,OK 20251026T0,,あなたの正義は、凶器になる,,,,,,,/Users/dd/10_YouTube_Automation/factory_commentary/script_pipeline/data/CH02/014/content/assembled.md,,,,思考疲れ,孤独,深夜のベッド,ストア派,頭の中を静かにできる,雑念を箱に入れる,考えすぎて眠れない夜に、心を整える哲学の視点を届けます。,"・怒りが湧いた瞬間の対処法
・感情を言語化する3ステップ"
15,CH02,15,CH02-015,CH02-015,【ミニマリズムの罠】「何もない部屋」に住む人ほど、実は何かに支配されている,script_completed,,/Users/dd/10_YouTube_Automation/factory_commentary/script_pipeline/data/CH02/015/content/assembled.md,✅完了,7891,2025-10-29 21:44:18,,,,【東洋思想・文化】の視点から、現代のライフスタイル「ミニマリズム」を批判的に考察。禅の思想と比較することで、本質を見抜くチャンネルの深さを示す。,頭の中がいつも騒がしく、自己理解や人間関係に悩む30〜50代。哲学や心理学で心を整理し、静かな感情の置き場を探している人。,禅の「無一物」の思想と、現代のライフスタイルとしてのミニマリズムを比較分析する台本。「モノを持たないこと」が新たなステータスとなり、かえって「持たない」という思想に執着し、支配されるパラドックスを論じる。,ガランとした完璧なミニマリストの部屋。しかし、床には人物の形をした影がくっきりと落ちており、その影は無数の細い糸で天井から吊るされている。見えない束縛を表現。シュルレアリスム風の写実的なスタイル。 ドラマチックな照明効果と深い陰影。油絵の厚みのある筆致と、水彩画の流動的なにじみを融合させた独特の質感。強烈なコントラストと鮮やかな色彩対比。象徴的でメタファリカルな構図。映画ポスターのようなシネマティックで劇的な雰囲気。ビビッドなカラーとダークトーンの大胆な対比。光と影のドラマティックな演出。芸術的で感情を揺さぶる表現。16:9のワイドスクリーン構図。プロフェッショナルな仕上がり。 テキストや文字は一切含めないでください。,,済,,待機中,,,何も持たない、という執着,,,,,,,/Users/dd/10_YouTube_Automation/factory_commentary/script_pipeline/data/CH02/015/content/assembled.md,,,,思考疲れ,孤独,深夜のベッド,ストア派,頭の中を静かにできる,雑念を箱に入れる,考えすぎて眠れない夜に、心を整える哲学の視点を届けます。,"・怒りが湧いた瞬間の対処法
・感情を言語化する3ステップ"
16,CH02,16,CH02-016,CH02-016,【天才の憂鬱】なぜレオナルド・ダ・ヴィンチは、ほとんどの作品を未完で終えたのか,script_completed,,/Users/dd/10_YouTube_Automation/factory_commentary/script_pipeline/data/CH02/016/content/assembled.md,✅完了,7131,2025-11-28 17:00:00,,,,【歴史・偉人】の視点から、万能の天才ダ・ヴィンチの人間的な苦悩に迫る。クリエイティブな仕事に携わる人や、知的好奇心の強い層に響くテーマ。,頭の中がいつも騒がしく、自己理解や人間関係に悩む30〜50代。哲学や心理学で心を整理し、静かな感情の置き場を探している人。,ヴァザーリの『美術家列伝』やフロイトのダ・ヴィンチ論を参考に、彼の完璧主義と飽くなき探求心が、なぜ作品の「完成」を阻んだのかを分析。「万能の天才」の知られざる苦悩と、創造性の本質に迫る。,レオナルド・ダ・ヴィンチ風の手稿（手鏡文字）の上に、完成間近で筆を置く画家の苦悩する手元をクローズアップ。背景には未完成の「モナ・リザ」や発明品のスケッチが散らばっている。歴史的でドラマチックな写実スタイル。 ドラマチックな照明効果と深い陰影。油絵の厚みのある筆致と、水彩画の流動的なにじみを融合させた独特の質感。強烈なコントラストと鮮やかな色彩対比。象徴的でメタファリカルな構図。映画ポスターのようなシネマティックで劇的な雰囲気。ビビッドなカラーとダークトーンの大胆な対比。光と影のドラマティックな演出。芸術的で感情を揺さぶる表現。16:9のワイドスクリーン構図。プロフェッショナルな仕上がり。 テキストや文字は一切含めないでください。,,済,,待機中,,,天才は、完成を恐れた,,,,,,,/Users/dd/10_YouTube_Automation/factory_commentary/script_pipeline/data/CH02/016/content/assembled.md,,,,思考疲れ,孤独,深夜のベッド,ストア派,頭の中を静かにできる,雑念を箱に入れる,考えすぎて眠れない夜に、心を整える哲学の視点を届けます。,"・怒りが湧いた瞬間の対処法
・感情を言語化する3ステップ"
17,CH02,17,CH02-017,CH02-017,【テクノロジーの隷従】なぜスマホは、あなたを賢くするどころか、思考停止に導くのか,script_completed,,/Users/dd/10_YouTube_Automation/factory_commentary/script_pipeline/data/CH02/017/content/assembled.md,✅完了,8294,2025-11-28 17:00:00,,,,【社会・経済】の視点から、現代人が毎日使う「スマホ」という身近なテーマを哲学的に深掘り。スマホ依存に悩む幅広い層に危機感と解決の糸口を提示する。,頭の中がいつも騒がしく、自己理解や人間関係に悩む30〜50代。哲学や心理学で心を整理し、静かな感情の置き場を探している人。,ニコラス・カーの『ネット・バカ』と、マルシャル・マクルーハンの「メディアはメッセージである」を引用し、インターネットとスマートフォンが人間の認知能力に与える影響を論じる。便利さの代償として失われる「深い思考力」について警鐘を鳴らす。,図書館の膨大な書物を背景に、一人の人物が本には目もくれず、光るスマートフォンを無表情に見つめている。スマホの光が顔を青白く照らし、思考が奪われている様子を表現。現代的で風刺の効いた写実スタイル。 ドラマチックな照明効果と深い陰影。油絵の厚みのある筆致と、水彩画の流動的なにじみを融合させた独特の質感。強烈なコントラストと鮮やかな色彩対比。象徴的でメタファリカルな構図。映画ポスターのようなシネマティックで劇的な雰囲気。ビビッドなカラーとダークトーンの大胆な対比。光と影のドラマティックな演出。芸術的で感情を揺さぶる表現。16:9のワイドスクリーン構図。プロフェッショナルな仕上がり。 テキストや文字は一切含めないでください。,,済,,待機中,,,スマホが、あなたの脳を殺す,,,,,,,/Users/dd/10_YouTube_Automation/factory_commentary/script_pipeline/data/CH02/017/content/assembled.md,,,,思考疲れ,孤独,深夜のベッド,ストア派,頭の中を静かにできる,雑念を箱に入れる,考えすぎて眠れない夜に、心を整える哲学の視点を届けます。,"・怒りが湧いた瞬間の対処法
・感情を言語化する3ステップ"
18,CH02,18,CH02-018,CH02-018,【美意識の哲学】なぜ日本人は「わびさび」に惹かれるのか―不完全さの中に神を見る,script_completed,,/Users/dd/10_YouTube_Automation/factory_commentary/script_pipeline/data/CH02/018/content/assembled.md,✅完了,7829,2025-10-29 21:44:18,,,,【東洋思想・文化】の視点から、「わびさび」という日本の美意識を哲学的に解説。西洋的な価値観とは異なる視点を提供し、デザインや文化に関心のある層に訴求する。,頭の中がいつも騒がしく、自己理解や人間関係に悩む30〜50代。哲学や心理学で心を整理し、静かな感情の置き場を探している人。,岡倉天心の『茶の本』と、柳宗悦の「民藝運動」の思想を解説する台本。「わびさび」の美意識の根源にある無常観や自然観を解き明かし、西洋的な完璧主義の美とは異なる、日本の精神文化の深層に迫る。,静かな和室の床の間に、一つだけ置かれた歪で欠けた茶碗。その欠けた部分（金継ぎ）から、淡い光が漏れ出している。不完全さの中に宿る美しさと精神性を象徴的に描く。ミニマルで精神性の高い写実スタイル。 ドラマチックな照明効果と深い陰影。油絵の厚みのある筆致と、水彩画の流動的なにじみを融合させた独特の質感。強烈なコントラストと鮮やかな色彩対比。象徴的でメタファリカルな構図。映画ポスターのようなシネマティックで劇的な雰囲気。ビビッドなカラーとダークトーンの大胆な対比。光と影のドラマティックな演出。芸術的で感情を揺さぶる表現。16:9のワイドスクリーン構図。プロフェッショナルな仕上がり。 テキストや文字は一切含めないでください。,,済,,待機中,,,未完成こそ、美しい,,,,,,,/Users/dd/10_YouTube_Automation/factory_commentary/script_pipeline/data/CH02/018/content/assembled.md,,,,思考疲れ,孤独,深夜のベッド,ストア派,頭の中を静かにできる,雑念を箱に入れる,考えすぎて眠れない夜に、心を整える哲学の視点を届けます。,"・怒りが湧いた瞬間の対処法
・感情を言語化する3ステップ"
19,CH02,19,CH02-019,CH02-019,【大衆の熱狂】なぜ人は、ワールドカップやアイドルに熱狂し、自分を忘れるのか,script_completed,,/Users/dd/10_YouTube_Automation/factory_commentary/script_pipeline/data/CH02/019/content/assembled.md,✅完了,7034,2025-11-28 17:00:00,,,,【社会・経済】の視点から、現代的な「キャンセルカルチャー」や「ネットリンチ」を分析。SNSでの論争に疲れを感じる20-40代の視聴者に、構造的な理解と距離感を提示する。,頭の中がいつも騒がしく、自己理解や人間関係に悩む30〜50代。哲学や心理学で心を整理し、静かな感情の置き場を探している人。,ルネ・ジラールの「模倣の欲望」と「スケープゴート理論」を用いて、現代のキャンセルカルチャーやネットリンチの構造を分析する台本。集団心理と「正義」の名の下に行われる排除のメカニズムを解き明かす。,スマートフォンを持つ無数の手が、画面の中の一人の人物に指を突きつけている構図。指先は鋭い矢のように描かれ、ネットリンチの暴力性を象徴している。サイバーパンク風のネオンと影で描かれた、現代的な寓話スタイル。 ドラマチックな照明効果と深い陰影。油絵の厚みのある筆致と、水彩画の流動的なにじみを融合させた独特の質感。強烈なコントラストと鮮やかな色彩対比。象徴的でメタファリカルな構図。映画ポスターのようなシネマティックで劇的な雰囲気。ビビッドなカラーとダークトーンの大胆な対比。光と影のドラマティックな演出。芸術的で感情を揺さぶる表現。16:9のワイドスクリーン構図。プロフェッショナルな仕上がり。 テキストや文字は一切含めないでください。,,済,,待機中,,,あなたの正義は、凶器になる,,,,,,,/Users/dd/10_YouTube_Automation/factory_commentary/script_pipeline/data/CH02/019/content/assembled.md,,,,思考疲れ,孤独,深夜のベッド,ストア派,頭の中を静かにできる,雑念を箱に入れる,考えすぎて眠れない夜に、心を整える哲学の視点を届けます。,"・怒りが湧いた瞬間の対処法
・感情を言語化する3ステップ"
20,CH02,20,CH02-020,CH02-020,【言語の限界】なぜ「本当に大切なこと」は、言葉にした瞬間に嘘になるのか,script_completed,,/Users/dd/10_YouTube_Automation/factory_commentary/script_pipeline/data/CH02/020/content/assembled.md,✅完了,6970,2025-10-29 21:44:18,,,,哲学の根源的なテーマである「言語」に焦点を当てる。コミュニケーションの本質を考えたい、より深い思索を求める視聴者層に向けた、チャンネルの知的権威性を高める企画。,頭の中がいつも騒がしく、自己理解や人間関係に悩む30〜50代。哲学や心理学で心を整理し、静かな感情の置き場を探している人。,ウィトゲンシュタインの「語りえぬものについては、沈黙しなければならない」という命題と、老子の「道（タオ）の道とすべきは、常の道にあらず」を比較分析。言語の限界と、非言語的なコミュニケーション（芸術、音楽、沈識）の重要性について論じる。,口から放たれた言葉が、鳥籠に変わり、その中にいたはずの美しい鳥（真実）が飛び去ってしまった後の空の鳥籠を描く。言葉による世界の分節化と、それによって失われるもののメタファー。シュルレアリスム風で、寓話的なアートスタイル。 ドラマチックな照明効果と深い陰影。油絵の厚みのある筆致と、水彩画の流動的なにじみを融合させた独特の質感。強烈なコントラストと鮮やかな色彩対比。象徴的でメタファリカルな構図。映画ポスターのようなシネマティックで劇的な雰囲気。ビビッドなカラーとダークトーンの大胆な対比。光と影のドラマティックな演出。芸術的で感情を揺さぶる表現。16:9のワイドスクリーン構図。プロフェッショナルな仕上がり。 テキストや文字は一切含めないでください。,,済,完了 Δ0.0ms tol=50ms 2025-12-10,完了 2025-12-10,,完了 2025-12-10,言葉にできないことこそ、真実,,,,,,,/Users/dd/10_YouTube_Automation/factory_commentary/script_pipeline/data/CH02/020/content/assembled.md,,,,思考疲れ,孤独,深夜のベッド,ストア派,頭の中を静かにできる,雑念を箱に入れる,考えすぎて眠れない夜に、心を整える哲学の視点を届けます。,"・怒りが湧いた瞬間の対処法
・感情を言語化する3ステップ"
21,CH02,21,CH02-021,CH02-021,【悪の陳腐さ】なぜ世界から「悪人」が消えないのか―凡人が悪魔に変わる時,script_completed,,/Users/dd/10_YouTube_Automation/factory_commentary/script_pipeline/data/CH02/021/content/assembled.md,✅完了,6797,2025-10-29 21:44:18,,,,歴史的な悲劇や日常に潜む「悪」が、特別な悪人ではなく、思考停止した凡人によって引き起こされることを論証。視聴者に自らの思考停止の危険性を自覚させ、主体的な判断の重要性を問いかける。,頭の中がいつも騒がしく、自己理解や人間関係に悩む30〜50代。哲学や心理学で心を整理し、静かな感情の置き場を探している人。,ハンナ・アーレントの『イェルサレムのアイヒマン』における「悪の陳腐さ」という概念を軸に構成。導入で凡庸な役人アイヒマンがなぜ大量虐殺に関与したのかを問い、思考停止とシステムの恐ろしさを解説。現代の組織やSNSにおける無自覚な加害性と結びつけ、日常に潜む「悪」の本質に迫る。,無数の歯車の一つとして、表情のないスーツ姿の男が書類にハンコを押している。しかし、そのハンコから滴るインクは血のように赤く、床に広がっている。男の背後には巨大で無機質な機械の影。モノクロ写真に赤色をアクセントにした、社会派で衝撃的なスタイル。 ドラマチックな照明効果と深い陰影。油絵の厚みのある筆致と、水彩画の流動的なにじみを融合させた独特の質感。強烈なコントラストと鮮やかな色彩対比。象徴的でメタファリカルな構図。映画ポスターのようなシネマティックで劇的な雰囲気。ビビッドなカラーとダークトーンの大胆な対比。光と影のドラマティックな演出。芸術的で感情を揺さぶる表現。16:9のワイドスクリーン構図。プロフェッショナルな仕上がり。 テキストや文字は一切含めないでください。,,済,完了 Δ0.0ms tol=50ms 2025-12-10,完了 2025-12-10,,完了 2025-12-10,あなたの中の“アイヒマン”,,,,,,,/Users/dd/10_YouTube_Automation/factory_commentary/script_pipeline/data/CH02/021/content/assembled.md,,,,思考疲れ,孤独,深夜のベッド,ストア派,頭の中を静かにできる,雑念を箱に入れる,考えすぎて眠れない夜に、心を整える哲学の視点を届けます。,"・怒りが湧いた瞬間の対処法
・感情を言語化する3ステップ"
22,CH02,22,CH02-022,CH02-022,【嫉妬の哲学】他人の成功を喜べないあなたへ―嫉妬は“才能の羅針盤”である,script_completed,,/Users/dd/10_YouTube_Automation/factory_commentary/script_pipeline/data/CH02/022/content/assembled.md,✅完了,7320,2025-10-29 21:44:18,,,,一般的にネガティブな感情とされる「嫉妬」を、自己の欲望と可能性を発見するための重要なサインとして哲学的に再評価。他者との比較に苦しむ視聴者に、自己成長への新たな視点を提供する。,頭の中がいつも騒がしく、自己理解や人間関係に悩む30〜50代。哲学や心理学で心を整理し、静かな感情の置き場を探している人。,「なぜ私たちは、他人の幸福に嫉妬してしまうのか？」という問いから開始。ニーチェの「ルサンチマン」とキルケゴールの「羨望」の概念を用いて嫉妬の構造を分析。「あなたが嫉妬する対象は、あなたが本当に欲しているものの裏返しである」と論じ、嫉妬を自己理解と成長のエネルギーに転換する方法を提示する。,暗闇の中で、一人の人物が遠くで輝く星（他人の成功）を羨望の眼差しで見つめている。しかし、その人物が持つコンパスの針は、まさにその星を指し示している。嫉妬が道標であることを象徴的に表現。幻想的で美しいアートスタイル。 ドラマチックな照明効果と深い陰影。油絵の厚みのある筆致と、水彩画の流動的なにじみを融合させた独特の質感。強烈なコントラストと鮮やかな色彩対比。象徴的でメタファリカルな構図。映画ポスターのようなシネマティックで劇的な雰囲気。ビビッドなカラーとダークトーンの大胆な対比。光と影のドラマティックな演出。芸術的で感情を揺さぶる表現。16:9のワイドスクリーン構図。プロフェッショナルな仕上がり。 テキストや文字は一切含めないでください。,,済 2025-10-31,完了 Δ0.3ms tol=50ms 2025-10-31,完了 2025-10-31,,,嫉妬は、才能の羅針盤,,,,,,,/Users/dd/10_YouTube_Automation/factory_commentary/script_pipeline/data/CH02/022/content/assembled.md,,,,思考疲れ,孤独,深夜のベッド,ストア派,頭の中を静かにできる,雑念を箱に入れる,考えすぎて眠れない夜に、心を整える哲学の視点を届けます。,"・怒りが湧いた瞬間の対処法
・感情を言語化する3ステップ"
23,CH02,23,CH02-023,CH02-023,【退屈という病】なぜ暇な時間があると、人は不安になるのか―パスカルの警告,script_completed,,/Users/dd/10_YouTube_Automation/factory_commentary/script_pipeline/data/CH02/023/content/assembled.md,✅完了,6970,2025-10-29 21:44:18,,,,現代人が無意識に恐れる「退屈」や「暇」の本質を哲学的に解き明かす。スマホや娯楽で常に時間を埋めようとする行為が、自己との対峙から逃避しているだけであることを暴き、真の充実とは何かを問う。,頭の中がいつも騒がしく、自己理解や人間関係に悩む30〜50代。哲学や心理学で心を整理し、静かな感情の置き場を探している人。,パスカルの『パンセ』における「人間の不幸はただ一つ、部屋で静かに休んでいられないことだ」という言葉を基軸に展開。なぜ人は気晴らし（ディヴェルティスマン）を求めるのかを分析。退屈の先にある自己との対話、そして創造性の源泉について論じ、静寂の時間を取り戻すことの重要性を説く。,がらんとした部屋の真ん中に一人座る人物。壁には無数の扉（スマホ、ゲーム、SNSなどの娯楽の象徴）があるが、人物はどの扉も開けず、自分の内側から湧き上がる黒い靄（不安や虚無）と対峙している。エドワード・ホッパーの絵画のような、孤独で内省的なスタイル。 ドラマチックな照明効果と深い陰影。油絵の厚みのある筆致と、水彩画の流動的なにじみを融合させた独特の質感。強烈なコントラストと鮮やかな色彩対比。象徴的でメタファリカルな構図。映画ポスターのようなシネマティックで劇的な雰囲気。ビビッドなカラーとダークトーンの大胆な対比。光と影のドラマティックな演出。芸術的で感情を揺さぶる表現。16:9のワイドスクリーン構図。プロフェッショナルな仕上がり。 テキストや文字は一切含めないでください。,,済 2025-10-31,完了 Δ0.0ms tol=50ms 2025-10-31,完了 2025-10-31,,,暇が、あなたを狂わせる,,,,,,,/Users/dd/10_YouTube_Automation/factory_commentary/script_pipeline/data/CH02/023/content/assembled.md,,,,思考疲れ,孤独,深夜のベッド,ストア派,頭の中を静かにできる,雑念を箱に入れる,考えすぎて眠れない夜に、心を整える哲学の視点を届けます。,"・怒りが湧いた瞬間の対処法
・感情を言語化する3ステップ"
24,CH02,24,CH02-024,CH02-024,【記憶の改竄】なぜ私たちは、過去を都合よく書き換えてしまうのか,script_completed,,/Users/dd/10_YouTube_Automation/factory_commentary/script_pipeline/data/CH02/024/content/assembled.md,✅完了,6773,2025-11-28 17:00:00,,,,記憶の不確かさと、脳が自己都合の良いように過去を改竄するメカニズムを脳科学と哲学の観点から解説。絶対的なものだと思われがちな「過去」や「思い出」の相対性を提示し、自己認識の危うさを暴く。,頭の中がいつも騒がしく、自己理解や人間関係に悩む30〜50代。哲学や心理学で心を整理し、静かな感情の置き場を探している人。,認知心理学における「偽の記憶」の研究と、ベルクソンの「純粋持続」の概念を引用。導入で「なぜ記憶は時間と共に美化されたり、変化したりするのか」を問う。脳が物語を作ることで自己を維持する機能と、それによって生じる自己欺瞞について分析。「本当の自分」という概念の不確かさにまで踏み込む。,一人の人物が、自分の脳から出てきたフィルムテープを映写機で壁に映している。しかし、壁に映し出された思い出の映像は、元のフィルムとは微妙に異なり、都合よく編集されている。記憶の改竄を視覚的に表現。フィルム・ノワール風の、影と光を強調したスタイリッシュなイラスト。 ドラマチックな照明効果と深い陰影。油絵の厚みのある筆致と、水彩画の流動的なにじみを融合させた独特の質感。強烈なコントラストと鮮やかな色彩対比。象徴的でメタファリカルな構図。映画ポスターのようなシネマティックで劇的な雰囲気。ビビッドなカラーとダークトーンの大胆な対比。光と影のドラマティックな演出。芸術的で感情を揺さぶる表現。16:9のワイドスクリーン構図。プロフェッショナルな仕上がり。 テキストや文字は一切含めないでください。,,済,,完了 2025-10-30,,完了 2025-10-30,その記憶は、嘘かもしれない,,,,,,,/Users/dd/10_YouTube_Automation/factory_commentary/script_pipeline/data/CH02/024/content/assembled.md,,,,思考疲れ,孤独,深夜のベッド,ストア派,頭の中を静かにできる,雑念を箱に入れる,考えすぎて眠れない夜に、心を整える哲学の視点を届けます。,"・怒りが湧いた瞬間の対処法
・感情を言語化する3ステップ"
25,CH02,25,CH02-025,CH02-025,【選択の呪い】「選べない」のは、あなたが臆病だからではない―自由という名の地獄,script_completed,,/Users/dd/10_YouTube_Automation/factory_commentary/script_pipeline/data/CH02/025/content/assembled.md,✅完了,6760,2025-10-29 21:44:18,,,,現代社会における「選択肢の多さ」が、幸福度を高めるどころか、かえって人々を麻痺させ、不幸にしているという「選択のパラドックス」を分析。決断疲れに悩む視聴者に、より良い選択のための哲学的視点を提供する。,頭の中がいつも騒がしく、自己理解や人間関係に悩む30〜50代。哲学や心理学で心を整理し、静かな感情の置き場を探している人。,バリー・シュワルツの『選択のパラドックス』と、キルケゴールの「あれか、これか」を引用。なぜ選択肢が増えると満足度が下がるのかを、機会費用の増大や後悔の念といった心理的メカニズムから解説。サルトルの言う「自由の刑」と結びつけ、選択の重圧から解放されるための思考法を提案する。,無数の道が放射状に伸びる交差点の中心で、途方に暮れて立ち尽くす一人の人物。どの道も霧に包まれて先が見えない。選択肢の多さがもたらす麻痺状態を表現。広角レンズで撮影したような、歪みと不安感を強調した構図。 ドラマチックな照明効果と深い陰影。油絵の厚みのある筆致と、水彩画の流動的なにじみを融合させた独特の質感。強烈なコントラストと鮮やかな色彩対比。象徴的でメタファリカルな構図。映画ポスターのようなシネマティックで劇的な雰囲気。ビビッドなカラーとダークトーンの大胆な対比。光と影のドラマティックな演出。芸術的で感情を揺さぶる表現。16:9のワイドスクリーン構図。プロフェッショナルな仕上がり。 テキストや文字は一切含めないでください。,,済 2025-10-31,完了 Δ0.0ms tol=50ms 2025-10-31,完了 2025-10-31,,,多すぎる選択肢が、あなたを不幸にする,,,,,,,/Users/dd/10_YouTube_Automation/factory_commentary/script_pipeline/data/CH02/025/content/assembled.md,,,,思考疲れ,孤独,深夜のベッド,ストア派,頭の中を静かにできる,雑念を箱に入れる,考えすぎて眠れない夜に、心を整える哲学の視点を届けます。,"・怒りが湧いた瞬間の対処法
・感情を言語化する3ステップ"
26,CH02,26,CH02-026,CH02-026,【優しさの刃】あなたの“良かれ”は、なぜ相手を傷つけるのか―他者への介入という暴力,script_completed,,/Users/dd/10_YouTube_Automation/factory_commentary/script_pipeline/data/CH02/026/content/assembled.md,✅完了,6920,2025-10-29 21:44:18,,,,「良かれと思って」という善意から行われるアドバイスや介入が、なぜしばしば相手を傷つけ、関係を破壊するのかを哲学的に考察。真の優しさとは何かを問い直し、他者との適切な距離感について論じる。,頭の中がいつも騒がしく、自己理解や人間関係に悩む30〜50代。哲学や心理学で心を整理し、静かな感情の置き場を探している人。,レヴィナスの「他者の顔」の哲学を主軸に展開。「他者とは、決して理解し尽くせない無限の存在である」という思想を紹介し、相手を自分の理解の枠に押し込めることの倫理的な問題点を指摘。介入ではなく、ただ相手の存在を受け入れる「傾聴」の重要性を説く。,一人の人物が、別の人物の心臓（心）に優しく手を差し伸べている。しかし、その指先は鋭いメスに変わっており、相手の心を傷つけている。善意の裏に潜む暴力性を象威徴的に描く。カラヴァッジョのような劇的な光と影を用いた、写実的で寓話的なスタイル。 ドラマチックな照明効果と深い陰影。油絵の厚みのある筆致と、水彩画の流動的なにじみを融合させた独特の質感。強烈なコントラストと鮮やかな色彩対比。象徴的でメタファリカルな構図。映画ポスターのようなシネマティックで劇的な雰囲気。ビビッドなカラーとダークトーンの大胆な対比。光と影のドラマティックな演出。芸術的で感情を揺さぶる表現。16:9のワイドスクリーン構図。プロフェッショナルな仕上がり。 テキストや文字は一切含めないでください。,,済,完了 Δ0.0ms tol=50ms 2025-12-10,完了 2025-12-10,,完了 2025-12-10,その優しさは、暴力かもしれない,,,,,,,/Users/dd/10_YouTube_Automation/factory_commentary/script_pipeline/data/CH02/026/content/assembled.md,,,,思考疲れ,孤独,深夜のベッド,ストア派,頭の中を静かにできる,雑念を箱に入れる,考えすぎて眠れない夜に、心を整える哲学の視点を届けます。,"・怒りが湧いた瞬間の対処法
・感情を言語化する3ステップ"
27,CH02,27,CH02-027,CH02-027,【仮面の社会】なぜ私たちは、会社や学校で“キャラ”を演じてしまうのか,script_completed,,/Users/dd/10_YouTube_Automation/factory_commentary/script_pipeline/data/CH02/027/content/assembled.md,✅完了,7754,2025-10-29 21:44:18,,,,ペルソナ（社会的仮面）を使い分けることがなぜ現代社会で不可欠なのか、そしてその代償として何が失われるのかをユング心理学の視点から分析。本当の自分と演じる自分のギャップに悩む視聴者に自己統合への道筋を示す。,頭の中がいつも騒がしく、自己理解や人間関係に悩む30〜50代。哲学や心理学で心を整理し、静かな感情の置き場を探している人。,カール・グスタフ・ユングの「ペルソナ」と「シャドウ」の概念を用いて解説。ペルソナの社会的な必要性を肯定しつつも、ペルソナと自己を同一視することの危険性を指摘。抑圧された自己（シャドウ）と向き合い、統合していく「個性化の過程」の重要性を論じる。,クローゼットに様々な表情の仮面が並んでおり、その前に立ったのっぺらぼうの人物が、今日はどの仮面をつけようか選んでいる。アイデンティティの選択と喪失を表現。シュルレアリスム的で少し不気味なイラストスタイル。 ドラマチックな照明効果と深い陰影。油絵の厚みのある筆致と、水彩画の流動的なにじみを融合させた独特の質感。強烈なコントラストと鮮やかな色彩対比。象徴的でメタファリカルな構図。映画ポスターのようなシネマティックで劇的な雰囲気。ビビッドなカラーとダークトーンの大胆な対比。光と影のドラマティックな演出。芸術的で感情を揺さぶる表現。16:9のワイドスクリーン構図。プロフェッショナルな仕上がり。 テキストや文字は一切含めないでください。,,済,完了 Δ0.0ms tol=50ms 2025-12-10,完了 2025-12-10,,完了 2025-12-10,本当の顔を、忘れていませんか？,,,,,,,/Users/dd/10_YouTube_Automation/factory_commentary/script_pipeline/data/CH02/027/content/assembled.md,,,,思考疲れ,孤独,深夜のベッド,ストア派,頭の中を静かにできる,雑念を箱に入れる,考えすぎて眠れない夜に、心を整える哲学の視点を届けます。,"・怒りが湧いた瞬間の対処法
・感情を言語化する3ステップ"
28,CH02,28,CH02-028,CH02-028,【都市の孤独】なぜ人口密度が高い東京ほど、人は孤独を感じるのか,script_completed,,/Users/dd/10_YouTube_Automation/factory_commentary/script_pipeline/data/CH02/028/content/assembled.md,✅完了,6939,2025-10-29 21:44:18,,,,大都市における孤独のメカニズムを、社会学者ジンメルの考察を基に哲学的に分析。物理的な距離の近さが、逆に心理的な距離を生み出すパラドックスを解き明かし、都市生活者の孤独感の正体に迫る。,頭の中がいつも騒がしく、自己理解や人間関係に悩む30〜50代。哲学や心理学で心を整理し、静かな感情の置き場を探している人。,ゲオルク・ジンメルの論文「大都市と精神生活」を現代の東京に当てはめて解説。過剰な神経刺激から自己を守るための「鈍感さ」や「控えめな態度」が、いかにして無関心と孤独を生み出すかを論じる。匿名性の中で真の人間関係を築くことの困難さと、その処方箋を探る。,夜の渋谷のスクランブル交差点。無数の人々がすれ違うが、一人一人が半透明のバブルに包まれており、決して交わることがない。都市の群衆の中の孤独を幻想的に表現。サイバーパンク風の色使いで、現代的な孤独を描くスタイル。 ドラマチックな照明効果と深い陰影。油絵の厚みのある筆致と、水彩画の流動的なにじみを融合させた独特の質感。強烈なコントラストと鮮やかな色彩対比。象徴的でメタファリカルな構図。映画ポスターのようなシネマティックで劇的な雰囲気。ビビッドなカラーとダークトーンの大胆な対比。光と影のドラマティックな演出。芸術的で感情を揺さぶる表現。16:9のワイドスクリーン構図。プロフェッショナルな仕上がり。 テキストや文字は一切含めないでください。,,済,完了 Δ0.0ms tol=50ms 2025-12-10,完了 2025-12-10,,完了 2025-12-10,人混みは、孤独を生産する工場だ,,,,,,,/Users/dd/10_YouTube_Automation/factory_commentary/script_pipeline/data/CH02/028/content/assembled.md,,,,思考疲れ,孤独,深夜のベッド,ストア派,頭の中を静かにできる,雑念を箱に入れる,考えすぎて眠れない夜に、心を整える哲学の視点を届けます。,"・怒りが湧いた瞬間の対処法
・感情を言語化する3ステップ"
29,CH02,29,CH02-029,CH02-029,【才能の呪い】なぜ神童は大人になると、ただの人になるのか―才能の正しい殺し方,script_completed,,/Users/dd/10_YouTube_Automation/factory_commentary/script_pipeline/data/CH02/029/content/assembled.md,✅完了,7299,2025-11-28 17:00:00,,,,早熟の天才が、なぜ年を重ねるごとに輝きを失ってしまうことが多いのか。その原因を社会の期待、教育システム、そして本人自身の才能への執着から分析。「才能」という呪いから解放され、持続的に成長するための哲学を提示する。,頭の中がいつも騒がしく、自己理解や人間関係に悩む30〜50代。哲学や心理学で心を整理し、静かな感情の置き場を探している人。,オルテガの『大衆の反逆』における「専門の野蛮人」の概念や、創造性に関する心理学研究を引用。早期教育による思考の硬直化、周囲からの過剰な期待によるプレッシャー、「才能があるから」という努力の軽視などを指摘。才能を「出発点」と捉え、学び続けることの重要性を説く。,幼い子供が描いた、自由で色鮮やかな素晴らしい絵。その絵に、大人たちの無数の灰色の手が伸び、定規やコンパスを当てて「修正」しようとしている。才能が規格化によって殺される様子を寓話的に描く。バンクシーのような風刺的なストリートアートスタイル。 ドラマチックな照明効果と深い陰影。油絵の厚みのある筆致と、水彩画の流動的なにじみを融合させた独特の質感。強烈なコントラストと鮮やかな色彩対比。象徴的でメタファリカルな構図。映画ポスターのようなシネマティックで劇的な雰囲気。ビビッドなカラーとダークトーンの大胆な対比。光と影のドラマティックな演出。芸術的で感情を揺さぶる表現。16:9のワイドスクリーン構図。プロフェッショナルな仕上がり。 テキストや文字は一切含めないでください。,,済 2025-11-01,完了 Δ0.0ms tol=50ms 2025-11-01,完了 2025-11-01,,完了 2025-11-01,天才を殺すのは、いつだって凡人だ,,,,,,,/Users/dd/10_YouTube_Automation/factory_commentary/script_pipeline/data/CH02/029/content/assembled.md,,,,思考疲れ,孤独,深夜のベッド,ストア派,頭の中を静かにできる,雑念を箱に入れる,考えすぎて眠れない夜に、心を整える哲学の視点を届けます。,"・怒りが湧いた瞬間の対処法
・感情を言語化する3ステップ"
30,CH02,30,CH02-030,CH02-030,【笑いの哲学】なぜ私たちは、人の失敗を笑ってしまうのか―攻撃性としてのユーモア,script_completed,,/Users/dd/10_YouTube_Automation/factory_commentary/script_pipeline/data/CH02/030/content/assembled.md,✅完了,7258,2025-10-29 21:44:18,,,,日常的な「笑い」の中に潜む攻撃性や優越感のメカニズムを哲学的に解明する。特に、人の失敗や欠点に向けられる笑いが、なぜ面白いと感じられるのかを深掘りし、ユーモアの倫理について問い直す。,頭の中がいつも騒がしく、自己理解や人間関係に悩む30〜50代。哲学や心理学で心を整理し、静かな感情の置き場を探している人。,ホッブズの「優越理論」（笑いは他者に対する突然の優越感から生じる）と、フロイトの精神分析における「機知（ウィット）」の理論を解説。笑いが社会的緊張を緩和する機能と、無意識の攻撃性をカモフラージュする機能の両側面を分析。人を傷つけないユーモアと、暴力的な笑いの境界線はどこにあるのかを考察する。,舞台の上でピエロが転び、それを見て観客が大笑いしている。しかし、観客たちの口は鋭い牙を持つ肉食獣の口のように描かれている。笑いの裏に潜む攻撃性をシュールに表現。ジョージ・グロスのような、社会風刺の効いた表現主義的な画風。 ドラマチックな照明効果と深い陰影。油絵の厚みのある筆致と、水彩画の流動的なにじみを融合させた独特の質感。強烈なコントラストと鮮やかな色彩対比。象徴的でメタファリカルな構図。映画ポスターのようなシネマティックで劇的な雰囲気。ビビッドなカラーとダークトーンの大胆な対比。光と影のドラマティックな演出。芸術的で感情を揺さぶる表現。16:9のワイドスクリーン構図。プロフェッショナルな仕上がり。 テキストや文字は一切含めないでください。,,済,完了 Δ0.0ms tol=50ms 2025-12-10,完了 2025-12-10,,完了 2025-12-10,その笑いは、ナイフより鋭い,,,,,,,/Users/dd/10_YouTube_Automation/factory_commentary/script_pipeline/data/CH02/030/content/assembled.md,,,,思考疲れ,孤独,深夜のベッド,ストア派,頭の中を静かにできる,雑念を箱に入れる,考えすぎて眠れない夜に、心を整える哲学の視点を届けます。,"・怒りが湧いた瞬間の対処法
・感情を言語化する3ステップ"
31,CH02,31,CH02-031,CH02-031,【静かなる崩壊】なぜ「真面目な人」ほど、ある日突然心が折れるのか―サイレント・バーンアウト,script_completed,,/Users/dd/10_YouTube_Automation/factory_commentary/script_pipeline/data/CH02/031/content/assembled.md,✅完了,7995,,,,,,,,静かなオフィスでデスクに座る真面目な人の背中がひび割れ、内側の光が漏れ始めている。周囲は整然としているのに本人だけが淡く崩れていく様子。ドラマチックな光と陰影のシネマティック構図。油絵と水彩の質感。強いコントラストとビビッドな色彩。16:9。文字なし。,,済,完了 Δ0.0ms tol=50ms 2025-12-10,完了 2025-12-10,,完了 2025-12-10,なぜ「真面目な人」ほど、ある日突然心が折れるのか―サイレント・バーンアウト,,,,,,,/Users/dd/10_YouTube_Automation/factory_commentary/script_pipeline/data/CH02/031/content/assembled.md,,,,思考疲れ,孤独,深夜のベッド,ストア派,頭の中を静かにできる,雑念を箱に入れる,考えすぎて眠れない夜に、心を整える哲学の視点を届けます。,"・怒りが湧いた瞬間の対処法
・感情を言語化する3ステップ"
32,CH02,32,CH02-032,CH02-032,【共感疲労】なぜ「優しい人」ほど、他人の痛みに押しつぶされてしまうのか,script_completed,,/Users/dd/10_YouTube_Automation/factory_commentary/script_pipeline/data/CH02/032/content/assembled.md,✅完了,7754,,,,,,,,優しい表情の人が他者の痛みを象徴する色の波を肩で受け止め、色が体を重く染めていく。背景に小さな涙の光が漂う。ドラマチックな光と陰影のシネマティック構図。油絵と水彩の質感。強いコントラストとビビッドな色彩。16:9。文字なし。,,済,完了 Δ0.0ms tol=50ms 2025-12-10,完了 2025-12-10,,完了 2025-12-10,なぜ「優しい人」ほど、他人の痛みに押しつぶされてしまうのか,,,,,,,/Users/dd/10_YouTube_Automation/factory_commentary/script_pipeline/data/CH02/032/content/assembled.md,,,,思考疲れ,孤独,深夜のベッド,ストア派,頭の中を静かにできる,雑念を箱に入れる,考えすぎて眠れない夜に、心を整える哲学の視点を届けます。,"・怒りが湧いた瞬間の対処法
・感情を言語化する3ステップ"
33,CH02,33,CH02-033,CH02-033,【ポジティブの呪い】なぜ「前向きな言葉」ほど、人を絶望させるのか―トキシック・ポジティビティ,script_completed,,/Users/dd/10_YouTube_Automation/factory_commentary/script_pipeline/data/CH02/033/content/assembled.md,✅完了,7661,,,,,,,,明るいポスターや笑顔の絵文字が壁を埋め尽くし、壁の裏からひび割れがのぞく。表面は陽気だが奥に暗い影が滲む。ドラマチックな光と陰影のシネマティック構図。油絵と水彩の質感。強いコントラストとビビッドな色彩。16:9。文字なし。,,済,完了 Δ0.0ms tol=50ms 2025-12-10,完了 2025-12-10,,完了 2025-12-10,なぜ「前向きな言葉」ほど、人を絶望させるのか―トキシック・ポジティビティ,,,,,,,/Users/dd/10_YouTube_Automation/factory_commentary/script_pipeline/data/CH02/033/content/assembled.md,,,,思考疲れ,孤独,深夜のベッド,ストア派,頭の中を静かにできる,雑念を箱に入れる,考えすぎて眠れない夜に、心を整える哲学の視点を届けます。,"・怒りが湧いた瞬間の対処法
・感情を言語化する3ステップ"
34,CH02,34,CH02-034,CH02-034,【順調の不安】予定通りに進む日ほど心がざわつく理由,script_completed,,/Users/dd/10_YouTube_Automation/factory_commentary/script_pipeline/data/CH02/034/content/assembled.md,,7814,,,,,,,,完璧に整ったデスクとカレンダー、机の隅に小さな亀裂とこぼれ落ちる砂時計。静かな不安が忍び寄る空気。ドラマチックな光と陰影のシネマティック構図。油絵と水彩の質感。強いコントラストとビビッドな色彩。16:9。文字なし。,,,,,,,予定通りに進む日ほど心がざわつく理由,,,,,,,/Users/dd/10_YouTube_Automation/factory_commentary/script_pipeline/data/CH02/034/content/assembled.md,,,,,,,,,,,
35,CH02,35,CH02-035,CH02-035,【深夜のリプレイ】昔の失言を繰り返し思い出す脳,script_completed,,/Users/dd/10_YouTube_Automation/factory_commentary/script_pipeline/data/CH02/035/content/assembled.md,,7755,,,,,,,,深夜のベッドで目を閉じる人物の周囲に透明な吹き出しが渦を巻き、過去の言葉が反響する。窓の外に蒼い月。ドラマチックな光と陰影のシネマティック構図。油絵と水彩の質感。強いコントラストとビビッドな色彩。16:9。文字なし。,,,,,,,昔の失言を繰り返し思い出す脳,,,,,,,/Users/dd/10_YouTube_Automation/factory_commentary/script_pipeline/data/CH02/035/content/assembled.md,,,,,,,,,,,
36,CH02,36,CH02-036,CH02-036,【発言の恐怖】会議で声が出なくなる心理,script_completed,,/Users/dd/10_YouTube_Automation/factory_commentary/script_pipeline/data/CH02/036/content/assembled.md,,7506,,,,,,,,会議室で口元に透明な糸が絡み声を塞ぐ人。周囲の参加者はぼんやりした影で、テーブルのマイクが遠く見える。ドラマチックな光と陰影のシネマティック構図。油絵と水彩の質感。強いコントラストとビビッドな色彩。16:9。文字なし。,,,,,,,会議で声が出なくなる心理,,,,,,,/Users/dd/10_YouTube_Automation/factory_commentary/script_pipeline/data/CH02/036/content/assembled.md,,,,,,,,,,,
37,CH02,37,CH02-037,CH02-037,【先回り疲れ】全部コントロールしたい人が燃え尽きる理由,script_completed,,/Users/dd/10_YouTube_Automation/factory_commentary/script_pipeline/data/CH02/037/content/assembled.md,,7745,,,,,,,,多くの糸であらゆるものを操ろうとする両手が絡まり、自分自身を縛っている。背景に計画表と時計。ドラマチックな光と陰影のシネマティック構図。油絵と水彩の質感。強いコントラストとビビッドな色彩。16:9。文字なし。,,,,,,,全部コントロールしたい人が燃え尽きる理由,,,,,,,/Users/dd/10_YouTube_Automation/factory_commentary/script_pipeline/data/CH02/037/content/assembled.md,,,,,,,,,,,
38,CH02,38,CH02-038,CH02-038,【停滞する部屋】片づけられない心が守っているもの,script_completed,,/Users/dd/10_YouTube_Automation/factory_commentary/script_pipeline/data/CH02/038/content/assembled.md,,7797,,,,,,,,散らかった部屋の中心に閉じた木箱があり、箱から柔らかな光が漏れる。散乱した物が守るべき記憶のように感じられる。ドラマチックな光と陰影のシネマティック構図。油絵と水彩の質感。強いコントラストとビビッドな色彩。16:9。文字なし。,,,,,,,片づけられない心が守っているもの,,,,,,,/Users/dd/10_YouTube_Automation/factory_commentary/script_pipeline/data/CH02/038/content/assembled.md,,,,,,,,,,,
39,CH02,39,CH02-039,CH02-039,【祝福の飢餓】他人の成功が自分を削るメカニズム,script_completed,,/Users/dd/10_YouTube_Automation/factory_commentary/script_pipeline/data/CH02/039/content/assembled.md,,8179,,,,,,,,舞台上でスポットライトを浴びるトロフィーを、観客席の影が尖った形で見つめている。見る者の心が削られる感覚。ドラマチックな光と陰影のシネマティック構図。油絵と水彩の質感。強いコントラストとビビッドな色彩。16:9。文字なし。,,,,,,,他人の成功が自分を削るメカニズム,,,,,,,/Users/dd/10_YouTube_Automation/factory_commentary/script_pipeline/data/CH02/039/content/assembled.md,,,,,,,,,,,
40,CH02,40,CH02-040,CH02-040,【期待の重圧】褒め言葉が動きを止める瞬間,script_completed,,/Users/dd/10_YouTube_Automation/factory_commentary/script_pipeline/data/CH02/040/content/assembled.md,,8043,,,,,,,,褒め言葉を象徴する金色のリボンが肩に重く巻き付き、動きを止める人物。スポットライトが眩しく張り付いている。ドラマチックな光と陰影のシネマティック構図。油絵と水彩の質感。強いコントラストとビビッドな色彩。16:9。文字なし。,,,,,,,褒め言葉が動きを止める瞬間,,,,,,,/Users/dd/10_YouTube_Automation/factory_commentary/script_pipeline/data/CH02/040/content/assembled.md,,,,,,,,,,,
41,CH02,41,CH02-041,CH02-041,【同調の沼】同じ意見ばかり聞くと判断が鈍る,script_completed,,/Users/dd/10_YouTube_Automation/factory_commentary/script_pipeline/data/CH02/041/content/assembled.md,,7290,,,,,,,,鏡の迷路の中で同じ形の吹き出しが何重にも反射し、中央の人物の表情が曇る。単調な色合いの閉塞感。ドラマチックな光と陰影のシネマティック構図。油絵と水彩の質感。強いコントラストとビビッドな色彩。16:9。文字なし。,,,,,,,同じ意見ばかり聞くと判断が鈍る,,,,,,,/Users/dd/10_YouTube_Automation/factory_commentary/script_pipeline/data/CH02/041/content/assembled.md,,,,,,,,,,,
42,CH02,42,CH02-042,CH02-042,【淀む空気】停滞感が教える心の飽和,script_completed,,/Users/dd/10_YouTube_Automation/factory_commentary/script_pipeline/data/CH02/042/content/assembled.md,,8092,,,,,,,,換気されない部屋に灰色の空気がたまり、浮遊する埃が細い光に照らされている。窓は固く閉ざされ重たい雰囲気。ドラマチックな光と陰影のシネマティック構図。油絵と水彩の質感。強いコントラストとビビッドな色彩。16:9。文字なし。,,,,,,,停滞感が教える心の飽和,,,,,,,/Users/dd/10_YouTube_Automation/factory_commentary/script_pipeline/data/CH02/042/content/assembled.md,,,,,,,,,,,
43,CH02,43,CH02-043,CH02-043,【視線の逃避】スマホから目を上げられない理由,script_completed,,/Users/dd/10_YouTube_Automation/factory_commentary/script_pipeline/data/CH02/043/content/assembled.md,,7801,,,,,,,,暗い部屋でスマホの光だけが顔を照らし、人物の視線が画面に吸い込まれている。背後はぼやけた現実。ドラマチックな光と陰影のシネマティック構図。油絵と水彩の質感。強いコントラストとビビッドな色彩。16:9。文字なし。,,,,,,,スマホから目を上げられない理由,,,,,,,/Users/dd/10_YouTube_Automation/factory_commentary/script_pipeline/data/CH02/043/content/assembled.md,,,,,,,,,,,
44,CH02,44,CH02-044,CH02-044,【夜の反芻】同じ考えが止まらない脳,script_completed,,/Users/dd/10_YouTube_Automation/factory_commentary/script_pipeline/data/CH02/044/content/assembled.md,,7983,,,,,,,,夜のベッドで同じ思考が帯状に循環し頭上を回る。人物は目を開け天井を見つめ、不眠の光景。ドラマチックな光と陰影のシネマティック構図。油絵と水彩の質感。強いコントラストとビビッドな色彩。16:9。文字なし。,,,,,,,同じ考えが止まらない脳,,,,,,,/Users/dd/10_YouTube_Automation/factory_commentary/script_pipeline/data/CH02/044/content/assembled.md,,,,,,,,,,,
45,CH02,45,CH02-045,CH02-045,【無意識の摂取】情報を食べ続ける理由,script_completed,,/Users/dd/10_YouTube_Automation/factory_commentary/script_pipeline/data/CH02/045/content/assembled.md,,7815,,,,,,,,情報を食べるようにノイズ混じりの紙片や画面を口に運ぶ人物。胃の中にアイコンの光が溢れる。ドラマチックな光と陰影のシネマティック構図。油絵と水彩の質感。強いコントラストとビビッドな色彩。16:9。文字なし。,,,,,,,情報を食べ続ける理由,,,,,,,/Users/dd/10_YouTube_Automation/factory_commentary/script_pipeline/data/CH02/045/content/assembled.md,,,,,,,,,,,
46,CH02,46,CH02-046,CH02-046,【作り笑いの疲労】顔がこわばる心理,script_completed,,/Users/dd/10_YouTube_Automation/factory_commentary/script_pipeline/data/CH02/046/content/assembled.md,,7732,,,,,,,,笑顔の仮面がひび割れ、内側の疲れた表情が透けて見える。背景に無数の社交的な顔のポスター。ドラマチックな光と陰影のシネマティック構図。油絵と水彩の質感。強いコントラストとビビッドな色彩。16:9。文字なし。,,,,,,,顔がこわばる心理,,,,,,,/Users/dd/10_YouTube_Automation/factory_commentary/script_pipeline/data/CH02/046/content/assembled.md,,,,,,,,,,,
47,CH02,47,CH02-047,CH02-047,【失敗リプレイ】眠れないほど後悔を巻き戻す脳,script_completed,,/Users/dd/10_YouTube_Automation/factory_commentary/script_pipeline/data/CH02/047/content/assembled.md,,7195,,,,,,,,フィルムリールが頭の中で巻き戻り、同じ失敗シーンが繰り返し映写される。暗いシアターに座る一人の人物。ドラマチックな光と陰影のシネマティック構図。油絵と水彩の質感。強いコントラストとビビッドな色彩。16:9。文字なし。,,,,,,,眠れないほど後悔を巻き戻す脳,,,,,,,/Users/dd/10_YouTube_Automation/factory_commentary/script_pipeline/data/CH02/047/content/assembled.md,,,,,,,,,,,
48,CH02,48,CH02-048,CH02-048,【分裂する一日】朝の理想と夜の現実がずれる理由,script_completed,,/Users/dd/10_YouTube_Automation/factory_commentary/script_pipeline/data/CH02/048/content/assembled.md,,7378,,,,,,,,画面の左は朝日と整ったノート、右は夜の散らかったデスク。中央の人物が分断され、表情も左右で異なる。ドラマチックな光と陰影のシネマティック構図。油絵と水彩の質感。強いコントラストとビビッドな色彩。16:9。文字なし。,,,,,,,朝の理想と夜の現実がずれる理由,,,,,,,/Users/dd/10_YouTube_Automation/factory_commentary/script_pipeline/data/CH02/048/content/assembled.md,,,,,,,,,,,
49,CH02,49,CH02-049,CH02-049,【計画の罠】考えすぎて動けなくなる脳,script_completed,,/Users/dd/10_YouTube_Automation/factory_commentary/script_pipeline/data/CH02/049/content/assembled.md,,7835,,,,,,,,壁一面の付箋と計画図が迷路のように張り巡らされ、人物が進めず立ち尽くす。上から光が差すが道は見えない。ドラマチックな光と陰影のシネマティック構図。油絵と水彩の質感。強いコントラストとビビッドな色彩。16:9。文字なし。,,,,,,,考えすぎて動けなくなる脳,,,,,,,/Users/dd/10_YouTube_Automation/factory_commentary/script_pipeline/data/CH02/049/content/assembled.md,,,,,,,,,,,
50,CH02,50,CH02-050,CH02-050,【他人基準の牢】期待に生きると枯れる理由,script_completed,,/Users/dd/10_YouTube_Automation/factory_commentary/script_pipeline/data/CH02/050/content/assembled.md,,7625,,,,,,,,他人の期待を示す吹き出しが鉄の格子になり、人物を囲む牢。外には自由な空が広がる。ドラマチックな光と陰影のシネマティック構図。油絵と水彩の質感。強いコントラストとビビッドな色彩。16:9。文字なし。,,,,,,,期待に生きると枯れる理由,,,,,,,/Users/dd/10_YouTube_Automation/factory_commentary/script_pipeline/data/CH02/050/content/assembled.md,,,,,,,,,,,
51,CH02,51,CH02-051,CH02-051,【微細な不安】雑音のような心配が消えない仕組み,script_completed,,/Users/dd/10_YouTube_Automation/factory_commentary/script_pipeline/data/CH02/051/content/assembled.md,,7234,,,,,,,,小さなざわめきが砂嵐のようなノイズ雲となり頭の上に積もる。人物は耳を押さえ俯いている。ドラマチックな光と陰影のシネマティック構図。油絵と水彩の質感。強いコントラストとビビッドな色彩。16:9。文字なし。,,,,,,,雑音のような心配が消えない仕組み,,,,,,,/Users/dd/10_YouTube_Automation/factory_commentary/script_pipeline/data/CH02/051/content/assembled.md,,,,,,,,,,,
52,CH02,52,CH02-052,CH02-052,【沈黙の防衛】意見を言えないとき脳で何が起きているか,script_completed,,/Users/dd/10_YouTube_Automation/factory_commentary/script_pipeline/data/CH02/052/content/assembled.md,,8023,,,,,,,,折りたたまれた紙の鍵が口元を封じ、言葉が出ない。飲み込まれた意見の影が会議室の壁に浮かぶ。ドラマチックな光と陰影のシネマティック構図。油絵と水彩の質感。強いコントラストとビビッドな色彩。16:9。文字なし。,,,,,,,意見を言えないとき脳で何が起きているか,,,,,,,/Users/dd/10_YouTube_Automation/factory_commentary/script_pipeline/data/CH02/052/content/assembled.md,,,,,,,,,,,
53,CH02,53,CH02-053,CH02-053,【選択疲れ】多すぎる選択肢が意志を溶かす,script_completed,,/Users/dd/10_YouTube_Automation/factory_commentary/script_pipeline/data/CH02/053/content/assembled.md,,7717,,,,,,,,無数のドアと棚に選択肢がびっしり並び、色の洪水が視界を埋める。中央の人物が立ちすくむ。ドラマチックな光と陰影のシネマティック構図。油絵と水彩の質感。強いコントラストとビビッドな色彩。16:9。文字なし。,,,,,,,多すぎる選択肢が意志を溶かす,,,,,,,/Users/dd/10_YouTube_Automation/factory_commentary/script_pipeline/data/CH02/053/content/assembled.md,,,,,,,,,,,
54,CH02,54,CH02-054,CH02-054,【比較中毒】成功報告に脳が支配される理由,script_completed,,/Users/dd/10_YouTube_Automation/factory_commentary/script_pipeline/data/CH02/054/content/assembled.md,,7751,,,,,,,,透明なスクリーンに他人の成功メーターが重なり、人物の胸を圧迫する。数字の光が眩しく息苦しい。ドラマチックな光と陰影のシネマティック構図。油絵と水彩の質感。強いコントラストとビビッドな色彩。16:9。文字なし。,,,,,,,成功報告に脳が支配される理由,,,,,,,/Users/dd/10_YouTube_Automation/factory_commentary/script_pipeline/data/CH02/054/content/assembled.md,,,,,,,,,,,
55,CH02,55,CH02-055,CH02-055,【無音の恐怖】静けさに耐えられない心,script_completed,,/Users/dd/10_YouTube_Automation/factory_commentary/script_pipeline/data/CH02/055/content/assembled.md,,7850,,,,,,,,静まり返った部屋で耳元に巨大な音の波形が迫り、人物が怯えている。静けさと恐怖の対比。ドラマチックな光と陰影のシネマティック構図。油絵と水彩の質感。強いコントラストとビビッドな色彩。16:9。文字なし。,,,,,,,静けさに耐えられない心,,,,,,,/Users/dd/10_YouTube_Automation/factory_commentary/script_pipeline/data/CH02/055/content/assembled.md,,,,,,,,,,,
56,CH02,56,CH02-056,CH02-056,【完璧待ち】動けない完璧主義の心理,script_completed,,/Users/dd/10_YouTube_Automation/factory_commentary/script_pipeline/data/CH02/056/content/assembled.md,,7965,,,,,,,,完璧なチェックリストを前に腕を組む人物。砂時計の砂が落ち続け、足元には未完成の階段。ドラマチックな光と陰影のシネマティック構図。油絵と水彩の質感。強いコントラストとビビッドな色彩。16:9。文字なし。,,,,,,,動けない完璧主義の心理,,,,,,,/Users/dd/10_YouTube_Automation/factory_commentary/script_pipeline/data/CH02/056/content/assembled.md,,,,,,,,,,,
57,CH02,57,CH02-057,CH02-057,【三日目の壁】習慣が続かない脳の癖,script_completed,,/Users/dd/10_YouTube_Automation/factory_commentary/script_pipeline/data/CH02/057/content/assembled.md,,6434,,,,,,,,カレンダーの3日目だけが鎖で縛られ重く沈む。人物がそこを越えられず足を取られる。ドラマチックな光と陰影のシネマティック構図。油絵と水彩の質感。強いコントラストとビビッドな色彩。16:9。文字なし。,,,,,,,習慣が続かない脳の癖,,,,,,,/Users/dd/10_YouTube_Automation/factory_commentary/script_pipeline/data/CH02/057/content/assembled.md,,,,,,,,,,,
58,CH02,58,CH02-058,CH02-058,【記憶の棘】過去の失敗が夜に疼く理由,script_completed,,/Users/dd/10_YouTube_Automation/factory_commentary/script_pipeline/data/CH02/058/content/assembled.md,,7577,,,,,,,,夜のベッドに横たわる人物の胸元からガラスの棘が光り、過去の失敗の影が壁に浮かぶ。ドラマチックな光と陰影のシネマティック構図。油絵と水彩の質感。強いコントラストとビビッドな色彩。16:9。文字なし。,,,,,,,過去の失敗が夜に疼く理由,,,,,,,/Users/dd/10_YouTube_Automation/factory_commentary/script_pipeline/data/CH02/058/content/assembled.md,,,,,,,,,,,
59,CH02,59,CH02-059,CH02-059,【逃避の整理】重要タスク前に片付け始める心理,script_completed,,/Users/dd/10_YouTube_Automation/factory_commentary/script_pipeline/data/CH02/059/content/assembled.md,,7427,,,,,,,,巨大な未完のタスクの山の手前で人物が必死に床掃除をしている。後ろに迫る締切の時計。ドラマチックな光と陰影のシネマティック構図。油絵と水彩の質感。強いコントラストとビビッドな色彩。16:9。文字なし。,,,,,,,重要タスク前に片付け始める心理,,,,,,,/Users/dd/10_YouTube_Automation/factory_commentary/script_pipeline/data/CH02/059/content/assembled.md,,,,,,,,,,,
60,CH02,60,CH02-060,CH02-060,【偽りの同意】断れない人の心理,script_completed,,/Users/dd/10_YouTube_Automation/factory_commentary/script_pipeline/data/CH02/060/content/assembled.md,,7828,,,,,,,,握手する手の背後に細い操り糸が結びつき、本心を縛っている。笑顔の奥に緊張が走る。ドラマチックな光と陰影のシネマティック構図。油絵と水彩の質感。強いコントラストとビビッドな色彩。16:9。文字なし。,,,,,,,断れない人の心理,,,,,,,/Users/dd/10_YouTube_Automation/factory_commentary/script_pipeline/data/CH02/060/content/assembled.md,,,,,,,,,,,
61,CH02,61,CH02-061,CH02-061,【微怒り】小さな苛立ちが積もるメカニズム,script_completed,,/Users/dd/10_YouTube_Automation/factory_commentary/script_pipeline/data/CH02/061/content/assembled.md,,7537,,,,,,,,小さな火花がポケットの中でくすぶり、黒い煙が少しずつ上がる。表面は穏やかながら内側で燃える。ドラマチックな光と陰影のシネマティック構図。油絵と水彩の質感。強いコントラストとビビッドな色彩。16:9。文字なし。,,,,,,,小さな苛立ちが積もるメカニズム,,,,,,,/Users/dd/10_YouTube_Automation/factory_commentary/script_pipeline/data/CH02/061/content/assembled.md,,,,,,,,,,,
62,CH02,62,CH02-062,CH02-062,【承認の飢え】反応がないと不安になる理由,script_completed,,/Users/dd/10_YouTube_Automation/factory_commentary/script_pipeline/data/CH02/062/content/assembled.md,,7634,,,,,,,,スマホを握る手の中に空洞があり、通知の光が来ないことでぽっかり穴が開いている。周囲は薄暗い。ドラマチックな光と陰影のシネマティック構図。油絵と水彩の質感。強いコントラストとビビッドな色彩。16:9。文字なし。,,,,,,,反応がないと不安になる理由,,,,,,,/Users/dd/10_YouTube_Automation/factory_commentary/script_pipeline/data/CH02/062/content/assembled.md,,,,,,,,,,,
63,CH02,63,CH02-063,CH02-063,【締切前の燃焼】完成直前に折れる理由,script_completed,,/Users/dd/10_YouTube_Automation/factory_commentary/script_pipeline/data/CH02/063/content/assembled.md,,7594,,,,,,,,ゴールテープ目前で脚が折れ膝をつくランナー。背後に積み重なる資料の山。ドラマチックな光と陰影のシネマティック構図。油絵と水彩の質感。強いコントラストとビビッドな色彩。16:9。文字なし。,,,,,,,完成直前に折れる理由,,,,,,,/Users/dd/10_YouTube_Automation/factory_commentary/script_pipeline/data/CH02/063/content/assembled.md,,,,,,,,,,,
64,CH02,64,CH02-064,CH02-064,【過剰シミュレーション】考えすぎが行動を止める,script_completed,,/Users/dd/10_YouTube_Automation/factory_commentary/script_pipeline/data/CH02/064/content/assembled.md,,8255,,,,,,,,チェス盤の上に半透明の無数の未来の手が重なり、動けない王。計算しすぎる思考の渦。ドラマチックな光と陰影のシネマティック構図。油絵と水彩の質感。強いコントラストとビビッドな色彩。16:9。文字なし。,,,,,,,考えすぎが行動を止める,,,,,,,/Users/dd/10_YouTube_Automation/factory_commentary/script_pipeline/data/CH02/064/content/assembled.md,,,,,,,,,,,
65,CH02,65,CH02-065,CH02-065,【挑戦回避】向いてないと思い込む脳,script_completed,,/Users/dd/10_YouTube_Automation/factory_commentary/script_pipeline/data/CH02/065/content/assembled.md,,7841,,,,,,,,扉の前に立つ人物の頭上に向いていないという看板が重く垂れ下がる。扉の向こうは光る未知。ドラマチックな光と陰影のシネマティック構図。油絵と水彩の質感。強いコントラストとビビッドな色彩。16:9。文字なし。,,,,,,,向いてないと思い込む脳,,,,,,,/Users/dd/10_YouTube_Automation/factory_commentary/script_pipeline/data/CH02/065/content/assembled.md,,,,,,,,,,,
66,CH02,66,CH02-066,CH02-066,【自分らしさの迷路】期待と流行に溺れる理由,script_completed,,/Users/dd/10_YouTube_Automation/factory_commentary/script_pipeline/data/CH02/066/content/assembled.md,,7863,,,,,,,,鏡の迷路にトレンドポスターや自分らしさの標語が貼られ、人物の輪郭がぼやけていく。ドラマチックな光と陰影のシネマティック構図。油絵と水彩の質感。強いコントラストとビビッドな色彩。16:9。文字なし。,,,,,,,期待と流行に溺れる理由,,,,,,,/Users/dd/10_YouTube_Automation/factory_commentary/script_pipeline/data/CH02/066/content/assembled.md,,,,,,,,,,,
67,CH02,67,CH02-067,CH02-067,【初対面凍結】言葉が出なくなる防衛,script_completed,,/Users/dd/10_YouTube_Automation/factory_commentary/script_pipeline/data/CH02/067/content/assembled.md,,7794,,,,,,,,初対面の場でスポットライトに照らされ、言葉が氷になって空中に浮かぶ。周囲の人影はぼんやり。ドラマチックな光と陰影のシネマティック構図。油絵と水彩の質感。強いコントラストとビビッドな色彩。16:9。文字なし。,,,,,,,言葉が出なくなる防衛,,,,,,,/Users/dd/10_YouTube_Automation/factory_commentary/script_pipeline/data/CH02/067/content/assembled.md,,,,,,,,,,,
68,CH02,68,CH02-068,CH02-068,【失敗予期】挑戦前に心が萎む瞬間,script_completed,,/Users/dd/10_YouTube_Automation/factory_commentary/script_pipeline/data/CH02/068/content/assembled.md,,7966,,,,,,,,飛ぶ前の紙飛行機が手の中でしぼみ、色が抜けていく。挑戦の前に心が萎む瞬間。ドラマチックな光と陰影のシネマティック構図。油絵と水彩の質感。強いコントラストとビビッドな色彩。16:9。文字なし。,,,,,,,挑戦前に心が萎む瞬間,,,,,,,/Users/dd/10_YouTube_Automation/factory_commentary/script_pipeline/data/CH02/068/content/assembled.md,,,,,,,,,,,
69,CH02,69,CH02-069,CH02-069,【他人の視線牢】評価に合わせる生き方,script_completed,,/Users/dd/10_YouTube_Automation/factory_commentary/script_pipeline/data/CH02/069/content/assembled.md,,7774,,,,,,,,無数の目が格子になって人物を囲み、視線の牢獄を作る。中央の人物は動けず息苦しい。ドラマチックな光と陰影のシネマティック構図。油絵と水彩の質感。強いコントラストとビビッドな色彩。16:9。文字なし。,,,,,,,評価に合わせる生き方,,,,,,,/Users/dd/10_YouTube_Automation/factory_commentary/script_pipeline/data/CH02/069/content/assembled.md,,,,,,,,,,,
70,CH02,70,CH02-070,CH02-070,【夜行列車の不安】寝る前に心配が列を作る理由,script_completed,,/Users/dd/10_YouTube_Automation/factory_commentary/script_pipeline/data/CH02/070/content/assembled.md,,7376,,,,,,,,ベッドの脇を光る列車が列をなして走り、車窓に心配事のアイコンが映る。眠れない夜の不安の行列。ドラマチックな光と陰影のシネマティック構図。油絵と水彩の質感。強いコントラストとビビッドな色彩。16:9。文字なし。,,,,,,,寝る前に心配が列を作る理由,,,,,,,/Users/dd/10_YouTube_Automation/factory_commentary/script_pipeline/data/CH02/070/content/assembled.md,,,,,,,,,,,
71,CH02,71,CH02-071,CH02-071,【過積載の頭】やることが多すぎると止まる脳,script_completed,,/Users/dd/10_YouTube_Automation/factory_commentary/script_pipeline/data/CH02/071/content/assembled.md,,7684,,,,,,,,頭部が荷物のように積み上がり、溢れたToDoが紙吹雪となって舞う。膝が折れそうな重さ。ドラマチックな光と陰影のシネマティック構図。油絵と水彩の質感。強いコントラストとビビッドな色彩。16:9。文字なし。,,,,,,,やることが多すぎると止まる脳,,,,,,,/Users/dd/10_YouTube_Automation/factory_commentary/script_pipeline/data/CH02/071/content/assembled.md,,,,,,,,,,,
72,CH02,72,CH02-072,CH02-072,【機嫌の奴隷】他人の感情に振り回される心理,script_completed,,/Users/dd/10_YouTube_Automation/factory_commentary/script_pipeline/data/CH02/072/content/assembled.md,,6441,,,,,,,,他人の表情が色の雲となり、その雲から伸びる糸が人物を操る。自分の表情は薄れていく。ドラマチックな光と陰影のシネマティック構図。油絵と水彩の質感。強いコントラストとビビッドな色彩。16:9。文字なし。,,,,,,,他人の感情に振り回される心理,,,,,,,/Users/dd/10_YouTube_Automation/factory_commentary/script_pipeline/data/CH02/072/content/assembled.md,,,,,,,,,,,
73,CH02,73,CH02-073,CH02-073,【成果の空白】努力が見えないときの心,script_completed,,/Users/dd/10_YouTube_Automation/factory_commentary/script_pipeline/data/CH02/073/content/assembled.md,,7240,,,,,,,,進捗バーが透明で努力が水のようにこぼれ落ち、床に広がる。本人だけが必死に押し上げている。ドラマチックな光と陰影のシネマティック構図。油絵と水彩の質感。強いコントラストとビビッドな色彩。16:9。文字なし。,,,,,,,努力が見えないときの心,,,,,,,/Users/dd/10_YouTube_Automation/factory_commentary/script_pipeline/data/CH02/073/content/assembled.md,,,,,,,,,,,
74,CH02,74,CH02-074,CH02-074,【小さな棘】些細な失敗を手放せない理由,script_completed,,/Users/dd/10_YouTube_Automation/factory_commentary/script_pipeline/data/CH02/074/content/assembled.md,,7186,,,,,,,,指先に刺さった小さな棘を巨大な虫眼鏡が照らし、周囲が暗く見えなくなる。ささいな失敗に意識が集中する。ドラマチックな光と陰影のシネマティック構図。油絵と水彩の質感。強いコントラストとビビッドな色彩。16:9。文字なし。,,,,,,,些細な失敗を手放せない理由,,,,,,,/Users/dd/10_YouTube_Automation/factory_commentary/script_pipeline/data/CH02/074/content/assembled.md,,,,,,,,,,,
75,CH02,75,CH02-075,CH02-075,【情報過食】見れば見るほど不安になる仕組み,script_completed,,/Users/dd/10_YouTube_Automation/factory_commentary/script_pipeline/data/CH02/075/content/assembled.md,,6511,,,,,,,,机に座る人物がスクリーンの雨をスプーンで食べている。食べても満たされない表情。ドラマチックな光と陰影のシネマティック構図。油絵と水彩の質感。強いコントラストとビビッドな色彩。16:9。文字なし。,,,,,,,見れば見るほど不安になる仕組み,,,,,,,/Users/dd/10_YouTube_Automation/factory_commentary/script_pipeline/data/CH02/075/content/assembled.md,,,,,,,,,,,
76,CH02,76,CH02-076,CH02-076,【先延ばしの快楽】締切直前にしか動けない脳,script_completed,,/Users/dd/10_YouTube_Automation/factory_commentary/script_pipeline/data/CH02/076/content/assembled.md,,7602,,,,,,,,ジェットコースターのレールが締切直前で急降下し、そこでようやく動き出す人。後方では空回りの車両がゆっくり回る。ドラマチックな光と陰影のシネマティック構図。油絵と水彩の質感。強いコントラストとビビッドな色彩。16:9。文字なし。,,,,,,,締切直前にしか動けない脳,,,,,,,/Users/dd/10_YouTube_Automation/factory_commentary/script_pipeline/data/CH02/076/content/assembled.md,,,,,,,,,,,
77,CH02,77,CH02-077,CH02-077,【断れない束縛】頼られる快感の代償,script_completed,,/Users/dd/10_YouTube_Automation/factory_commentary/script_pipeline/data/CH02/077/content/assembled.md,,5949,,,,,,,,肩にお願いの札が重く積まれ、鎖のように体に巻き付く。頼られる快感と束縛の二重性。ドラマチックな光と陰影のシネマティック構図。油絵と水彩の質感。強いコントラストとビビッドな色彩。16:9。文字なし。,,,,,,,頼られる快感の代償,,,,,,,/Users/dd/10_YouTube_Automation/factory_commentary/script_pipeline/data/CH02/077/content/assembled.md,,,,,,,,,,,
78,CH02,78,CH02-078,CH02-078,【空転する毎日】動いても満たされない理由,script_completed,,/Users/dd/10_YouTube_Automation/factory_commentary/script_pipeline/data/CH02/078/content/assembled.md,,7647,,,,,,,,ベルトコンベアのような一日が空転し、同じ場所を走る人物。背景に空洞のカレンダー。ドラマチックな光と陰影のシネマティック構図。油絵と水彩の質感。強いコントラストとビビッドな色彩。16:9。文字なし。,,,,,,,動いても満たされない理由,,,,,,,/Users/dd/10_YouTube_Automation/factory_commentary/script_pipeline/data/CH02/078/content/assembled.md,,,,,,,,,,,
79,CH02,79,CH02-079,CH02-079,【計画倒れの心理】スケジュール魔なのに動けない理由,script_completed,,/Users/dd/10_YouTube_Automation/factory_commentary/script_pipeline/data/CH02/079/content/assembled.md,,7925,,,,,,,,壁一面のスケジュール帳が檻になり、中で立ち尽くす人物。ペンが鉄格子の鍵のようにぶら下がる。ドラマチックな光と陰影のシネマティック構図。油絵と水彩の質感。強いコントラストとビビッドな色彩。16:9。文字なし。,,,,,,,スケジュール魔なのに動けない理由,,,,,,,/Users/dd/10_YouTube_Automation/factory_commentary/script_pipeline/data/CH02/079/content/assembled.md,,,,,,,,,,,
80,CH02,80,CH02-080,CH02-080,【休む罪】罪悪感で休めないメカニズム,script_completed,,/Users/dd/10_YouTube_Automation/factory_commentary/script_pipeline/data/CH02/080/content/assembled.md,,7830,,,,,,,,ベッドに横たわる人の上に罪悪感の重い石板が乗り、休息を許さない。窓の外は明るく晴れている。ドラマチックな光と陰影のシネマティック構図。油絵と水彩の質感。強いコントラストとビビッドな色彩。16:9。文字なし。,,,,,,,罪悪感で休めないメカニズム,,,,,,,/Users/dd/10_YouTube_Automation/factory_commentary/script_pipeline/data/CH02/080/content/assembled.md,,,,,,,,,,,
81,CH02,81,CH02-081,CH02-081,【より良い幻想】今に足がつかない心理,script_completed,,/Users/dd/10_YouTube_Automation/factory_commentary/script_pipeline/data/CH02/081/content/assembled.md,,7796,,,,,,,,未来の理想都市がシャボン玉になって浮かび、足元の現実は砂地で崩れかけている。人物は空を見上げ足元が不安定。ドラマチックな光と陰影のシネマティック構図。油絵と水彩の質感。強いコントラストとビビッドな色彩。16:9。文字なし。,,,,,,,今に足がつかない心理,,,,,,,/Users/dd/10_YouTube_Automation/factory_commentary/script_pipeline/data/CH02/081/content/assembled.md,,,,,,,,,,,
82,CH02,82,CH02-082,CH02-082,【注意散乱】すぐスマホに手が伸びる脳,script_completed,,/Users/dd/10_YouTube_Automation/factory_commentary/script_pipeline/data/CH02/082/content/assembled.md,,7754,,,,,,,,机の上のスマホが磁石のように紙片や注意力を引き寄せ、周囲の物が空中でバラバラに浮く。集中が吸い取られる様子。ドラマチックな光と陰影のシネマティック構図。油絵と水彩の質感。強いコントラストとビビッドな色彩。16:9。文字なし。,,,,,,,すぐスマホに手が伸びる脳,,,,,,,/Users/dd/10_YouTube_Automation/factory_commentary/script_pipeline/data/CH02/082/content/assembled.md,,,,,,,,,,,
